{"avg_items_per_order": 2.746347168526636, "historical_daily_orders": 102.93197091835034, "total_orders": 22038}